{"accuracy": [0.5946398377418518, 0.837520956993103, 0.8738135099411011, 0.8911222815513611, 0.9045225977897644, 0.9112227559089661, 0.9128978252410889, 0.912339448928833, 0.9212730526924133, 0.9391401410102844, 0.9246231317520142, 0.9380234479904175, 0.9179229736328125, 0.9436069130897522, 0.9514237642288208, 0.9525404572486877, 0.9463986754417419, 0.8916805982589722, 0.9396985173225403, 0.9346733689308167, 0.9491903781890869, 0.9447236061096191, 0.9558905363082886, 0.9603573679924011, 0.9609156847000122, 0.9659408330917358, 0.9558905363082886, 0.962590754032135, 0.9609156847000122, 0.9676158428192139, 0.9704076051712036, 0.9787828326225281, 0.9709659218788147, 0.964265763759613, 0.9687325358390808, 0.9704076051712036, 0.963707447052002, 0.9648241400718689, 0.9704076051712036, 0.9737576842308044, 0.9726409912109375, 0.9704076051712036, 0.963707447052002, 0.9726409912109375, 0.9704076051712036, 0.9849246144294739, 0.9558905363082886, 0.9743160009384155, 0.9748743772506714, 0.9865996837615967, 0.9838079214096069, 0.9609156847000122, 0.96538245677948, 0.9782244563102722, 0.9804578423500061, 0.9838079214096069, 0.9709659218788147, 0.9854829907417297, 0.9726409912109375, 0.962590754032135, 0.979899525642395, 0.981016218662262, 0.9860413074493408, 0.9843662977218628, 0.9871580004692078, 0.979899525642395, 0.9793411493301392, 0.9787828326225281, 0.9832496047019958, 0.9871580004692078, 0.9865996837615967, 0.9821329116821289, 0.9921831488609314, 0.9804578423500061, 0.979899525642395, 0.981574535369873, 0.9871580004692078, 0.9899497628211975, 0.979899525642395, 0.9882746934890747, 0.9804578423500061, 0.9681742191314697, 0.981016218662262, 0.9787828326225281, 0.9743160009384155, 0.9821329116821289, 0.9804578423500061, 0.9821329116821289, 0.9737576842308044, 0.9804578423500061, 0.981574535369873, 0.9849246144294739, 0.9882746934890747, 0.9754326939582825, 0.9235064387321472, 0.9737576842308044, 0.9793411493301392, 0.9821329116821289, 0.9877163767814636, 0.9877163767814636, 0.9905080795288086, 0.9932998418807983, 0.9821329116821289, 0.9877163767814636, 0.9910664558410645, 0.9877163767814636, 0.9877163767814636, 0.9882746934890747, 0.9888330698013306, 0.981016218662262, 0.9927414655685425, 0.9910664558410645, 0.9927414655685425, 0.9949748516082764, 0.9860413074493408, 0.9882746934890747, 0.9899497628211975, 0.9916247725486755, 0.9938581585884094, 0.9960915446281433], "loss": [1.0372023582458496, 0.4542185068130493, 0.362615704536438, 0.30558016896247864, 0.2661975026130676, 0.2500961720943451, 0.28097566962242126, 0.25437167286872864, 0.2054632157087326, 0.17047889530658722, 0.201723113656044, 0.17321445047855377, 0.2067442387342453, 0.15994855761528015, 0.13435441255569458, 0.13689970970153809, 0.15897530317306519, 0.29708564281463623, 0.16798065602779388, 0.17876695096492767, 0.15517693758010864, 0.14451700448989868, 0.1319657415151596, 0.10963469743728638, 0.10018368810415268, 0.09734523296356201, 0.11694412678480148, 0.10519647598266602, 0.09768208116292953, 0.09173869341611862, 0.07637554407119751, 0.059826306998729706, 0.07615251839160919, 0.0947553738951683, 0.09504668414592743, 0.08865517377853394, 0.09484244883060455, 0.09477543085813522, 0.07791036367416382, 0.08433786034584045, 0.07587166875600815, 0.09292396157979965, 0.10006896406412125, 0.07618940621614456, 0.08314473181962967, 0.04775625094771385, 0.12036287039518356, 0.07007765769958496, 0.058361753821372986, 0.04385312646627426, 0.044600509107112885, 0.10140074789524078, 0.08072736859321594, 0.06350123882293701, 0.0587913915514946, 0.052913010120391846, 0.0809025764465332, 0.05347618833184242, 0.07529730349779129, 0.08954479545354843, 0.056697778403759, 0.05059915408492088, 0.03712065890431404, 0.05193231627345085, 0.03710304573178291, 0.057356443256139755, 0.056761544197797775, 0.05602186918258667, 0.04347768425941467, 0.0423116497695446, 0.04203488305211067, 0.04963117092847824, 0.026999924331903458, 0.05112107843160629, 0.05934780836105347, 0.05030177906155586, 0.034817248582839966, 0.027959352359175682, 0.04721099138259888, 0.03663409501314163, 0.06988774240016937, 0.08831094205379486, 0.05625751242041588, 0.07552658766508102, 0.0801527351140976, 0.053692735731601715, 0.05696671083569527, 0.04998604953289032, 0.09148665517568588, 0.07339543104171753, 0.047616370022296906, 0.04379243031144142, 0.037388432770967484, 0.06851765513420105, 0.2452634572982788, 0.08312872052192688, 0.06112176179885864, 0.050246480852365494, 0.042716436088085175, 0.035982657223939896, 0.029437609016895294, 0.020649515092372894, 0.04964730143547058, 0.03582422435283661, 0.027874300256371498, 0.02867542952299118, 0.039115797728300095, 0.03479771688580513, 0.030687861144542694, 0.046223510056734085, 0.02177855186164379, 0.027776766568422318, 0.019697891548275948, 0.01266899798065424, 0.03338957205414772, 0.031315937638282776, 0.025452934205532074, 0.031604964286088943, 0.017753003165125847, 0.013638717122375965], "val_accuracy": [0.8666666746139526, 0.9155555367469788, 0.9288889169692993, 0.9133333563804626, 0.9311110973358154, 0.9200000166893005, 0.9177777767181396, 0.9444444179534912, 0.9422222375869751, 0.9511111378669739, 0.9577777981758118, 0.9466666579246521, 0.9511111378669739, 0.9422222375869751, 0.9511111378669739, 0.9599999785423279, 0.9466666579246521, 0.9311110973358154, 0.9355555772781372, 0.9422222375869751, 0.9511111378669739, 0.9399999976158142, 0.9711111187934875, 0.9399999976158142, 0.9666666388511658, 0.9422222375869751, 0.9555555582046509, 0.9577777981758118, 0.9644444584846497, 0.9733333587646484, 0.9755555391311646, 0.9733333587646484, 0.9777777791023254, 0.9800000190734863, 0.9733333587646484, 0.9755555391311646, 0.9555555582046509, 0.9577777981758118, 0.9666666388511658, 0.9511111378669739, 0.9755555391311646, 0.9311110973358154, 0.9622222185134888, 0.9777777791023254, 0.9733333587646484, 0.9755555391311646, 0.9755555391311646, 0.9711111187934875, 0.9777777791023254, 0.9888888597488403, 0.9755555391311646, 0.9466666579246521, 0.9755555391311646, 0.9622222185134888, 0.9777777791023254, 0.9622222185134888, 0.9844444394111633, 0.9800000190734863, 0.9777777791023254, 0.9711111187934875, 0.9688888788223267, 0.9844444394111633, 0.9644444584846497, 0.9733333587646484, 0.95333331823349, 0.9733333587646484, 0.9822221994400024, 0.9844444394111633, 0.9800000190734863, 0.9844444394111633, 0.9644444584846497, 0.9844444394111633, 0.9755555391311646, 0.9466666579246521, 0.9599999785423279, 0.9733333587646484, 0.9844444394111633, 0.9888888597488403, 0.9800000190734863, 0.9822221994400024, 0.95333331823349, 0.9711111187934875, 0.9733333587646484, 0.9755555391311646, 0.9800000190734863, 0.9755555391311646, 0.9822221994400024, 0.9844444394111633, 0.9644444584846497, 0.9733333587646484, 0.9733333587646484, 0.9866666793823242, 0.9822221994400024, 0.8777777552604675, 0.9577777981758118, 0.9777777791023254, 0.9777777791023254, 0.9777777791023254, 0.9777777791023254, 0.9866666793823242, 0.9822221994400024, 0.9844444394111633, 0.9822221994400024, 0.9822221994400024, 0.9888888597488403, 0.9844444394111633, 0.9688888788223267, 0.9866666793823242, 0.9777777791023254, 0.9822221994400024, 0.9911110997200012, 0.9844444394111633, 0.9888888597488403, 0.9911110997200012, 0.9888888597488403, 0.9800000190734863, 0.9911110997200012, 0.9888888597488403, 0.9888888597488403, 0.9844444394111633],